{
	"lights" : 
	[
		{
			"a" : 1.0,
			"b" : 0.61176490783691406,
			"direction" : 1.4137166738510132,
			"fov" : 0.71558499336242676,
			"g" : 0.0,
			"intensity" : 0.44999998807907104,
			"r" : 0.80000001192092896,
			"radius" : 0.5,
			"x" : 5,
			"y" : 17
		},
		{
			"a" : 1.0,
			"b" : 0.0,
			"direction" : 0.71558499336242676,
			"fov" : 6.2831897735595703,
			"g" : 0.5,
			"intensity" : 0.44999998807907104,
			"r" : 0.80000001192092896,
			"radius" : 0.5,
			"x" : 14,
			"y" : 16
		}
	]
}