{
	"lights" : 
	[
		{
			"a" : 1.0,
			"b" : 0.61176490783691406,
			"direction" : 1.4137166738510132,
			"fov" : 6.1784653663635254,
			"g" : 0.0,
			"intensity" : 0.44999998807907104,
			"r" : 0.80000001192092896,
			"radius" : 0.5,
			"x" : 5,
			"y" : 17
		},
		{
			"a" : 1.0,
			"b" : 0.80000001192092896,
			"direction" : 6.2831854820251465,
			"fov" : 0.6981317400932312,
			"g" : 0.0,
			"intensity" : 0.44999998807907104,
			"r" : 0.16470566391944885,
			"radius" : 0.5,
			"x" : 14,
			"y" : 16
		}
	]
}