{
	"lights" : 
	[
		{
			"a" : 1.0,
			"b" : 0.76931953430175781,
			"direction" : 1.8675023317337036,
			"fov" : 0.99483770132064819,
			"g" : 1.0,
			"intensity" : 1.0199999809265137,
			"r" : 0.019607841968536377,
			"radius" : 0.5,
			"x" : 5,
			"y" : 17
		},
		{
			"a" : 1.0,
			"b" : 0.42352983355522156,
			"direction" : 2.5132741928100586,
			"fov" : 0.99483770132064819,
			"g" : 0.0,
			"intensity" : 1.940000057220459,
			"r" : 0.80000001192092896,
			"radius" : 0.5,
			"x" : 14,
			"y" : 16
		}
	]
}